,Player,Team,Pos,1st Pick Value,Starter Value,Inc 1st Pick,PAR,PAS,FantasyPoints
103,Christian McCaffrey,CAR,RB,60.71,50.23,10.480000000000004,175.9,88.91333333333338,270.0
104,Saquon Barkley,NYG,RB,53.29,44.09,9.199999999999996,154.4,67.41333333333338,248.5
105,Ezekiel Elliott,DAL,RB,52.84,43.71,9.130000000000003,153.1,66.11333333333337,247.2
106,Dalvin Cook,MIN,RB,49.49,40.95,8.54,143.4,56.413333333333384,237.5
107,Derrick Henry,TEN,RB,49.36,40.83,8.530000000000001,143.0,56.01333333333338,237.1
108,Alvin Kamara,NO,RB,41.31,34.18,7.130000000000003,119.70000000000002,32.713333333333395,213.8
109,Aaron Jones,GB,RB,37.03,30.64,6.390000000000001,107.30000000000001,20.31333333333339,201.4
110,Nick Chubb,CLE,RB,37.0,30.61,6.390000000000001,107.20000000000002,20.213333333333395,201.3
0,Lamar Jackson,BAL,QB,36.9,30.52,6.379999999999999,106.89999999999998,54.55833333333334,352.4
111,Josh Jacobs,LV,RB,35.93,29.72,6.210000000000001,104.1,17.113333333333372,198.2
112,Joe Mixon,CIN,RB,35.55,29.41,6.139999999999997,103.0,16.013333333333378,197.1
113,Kenyan Drake,ARI,RB,34.72,28.72,6.0,100.6,13.613333333333372,194.7
114,Miles Sanders,PHI,RB,34.62,28.64,5.979999999999997,100.30000000000001,13.31333333333339,194.4
285,Michael Thomas,NO,WR,33.6,27.8,5.800000000000001,97.35000000000001,50.48000000000002,200.8
1,Patrick Mahomes,KC,QB,32.41,26.81,5.599999999999998,93.89999999999998,41.55833333333334,339.4
115,Chris Carson,SEA,RB,30.37,25.13,5.240000000000002,88.0,1.013333333333378,182.1
116,Todd Gurley,ATL,RB,30.23,25.01,5.219999999999999,87.6,0.6133333333333724,181.7
564,Travis Kelce,KC,TE,29.15,24.11,5.039999999999999,84.45000000000002,48.65000000000002,161.8
117,Austin Ekeler,LAC,RB,28.72,23.76,4.959999999999997,83.20000000000002,-3.786666666666605,177.3
118,David Johnson,HOU,RB,27.47,22.73,4.739999999999998,79.6,-7.386666666666628,173.7
286,Davante Adams,GB,WR,27.46,22.71,4.75,79.55,32.68000000000001,183.0
119,Leonard Fournette,JAC,RB,25.64,21.22,4.420000000000002,74.30000000000001,-12.68666666666661,168.4
287,Tyreek Hill,KC,WR,25.56,21.14,4.419999999999998,74.05,27.180000000000007,177.5
288,Julio Jones,ATL,WR,25.01,20.69,4.32,72.45,25.580000000000013,175.9
565,George Kittle,SF,TE,24.87,20.57,4.300000000000001,72.05000000000001,36.250000000000014,149.4
120,Le'Veon Bell,NYJ,RB,24.37,20.16,4.210000000000001,70.6,-16.386666666666628,164.7
2,Dak Prescott,DAL,QB,24.13,19.96,4.169999999999998,69.89999999999998,17.558333333333337,315.4
121,Clyde Edwards-Helaire,KC,RB,23.16,19.16,4.0,67.1,-19.886666666666628,161.2
122,Melvin Gordon,DEN,RB,22.95,18.99,3.960000000000001,66.5,-20.486666666666622,160.6
123,James Conner,PIT,RB,21.12,17.47,3.650000000000002,61.20000000000002,-25.786666666666605,155.3
289,DeAndre Hopkins,ARI,WR,21.04,17.4,3.6400000000000006,60.95,14.080000000000013,164.4
3,Deshaun Watson,HOU,QB,20.81,17.22,3.59,60.30000000000001,7.958333333333371,305.8
124,Jonathan Taylor,IND,RB,20.26,16.76,3.5,58.70000000000002,-28.286666666666605,152.8
125,David Montgomery,CHI,RB,20.16,16.68,3.4800000000000004,58.400000000000006,-28.586666666666616,152.5
291,Kenny Golladay,DET,WR,19.97,16.52,3.4499999999999993,57.85000000000001,10.980000000000018,161.3
290,Chris Godwin,TB,WR,19.97,16.52,3.4499999999999993,57.85000000000001,10.980000000000018,161.3
4,Russell Wilson,SEA,QB,19.78,16.36,3.4200000000000017,57.30000000000001,4.958333333333371,302.8
292,Mike Evans,TB,WR,19.73,16.32,3.41,57.14999999999999,10.280000000000001,160.6
126,Mark Ingram II,BAL,RB,19.02,15.73,3.289999999999999,55.099999999999994,-31.886666666666628,149.2
566,Mark Andrews,BAL,TE,18.07,14.95,3.120000000000001,52.349999999999994,16.549999999999997,129.7
293,Adam Thielen,MIN,WR,17.83,14.75,3.0799999999999983,51.64999999999999,4.780000000000001,155.1
127,Devin Singletary,BUF,RB,17.12,14.16,2.960000000000001,49.599999999999994,-37.38666666666663,143.7
294,Amari Cooper,DAL,WR,16.65,13.78,2.869999999999999,48.249999999999986,1.3799999999999955,151.7
5,Josh Allen,BUF,QB,16.64,13.76,2.880000000000001,48.19999999999999,-4.1416666666666515,293.7
6,Kyler Murray,ARI,QB,16.46,13.62,2.8400000000000016,47.69999999999999,-4.6416666666666515,293.2
295,Odell Beckham Jr.,CLE,WR,16.38,13.55,2.8299999999999983,47.45,0.5800000000000125,150.9
296,A.J. Brown,TEN,WR,16.17,13.38,2.790000000000001,46.85000000000001,-0.01999999999998181,150.3
297,Cooper Kupp,LAR,WR,15.86,13.12,2.74,45.95,-0.9199999999999875,149.4
128,Raheem Mostert,SF,RB,15.84,13.11,2.7300000000000004,45.900000000000006,-41.086666666666616,140.0
298,JuJu Smith-Schuster,PIT,WR,15.55,12.86,2.6900000000000013,45.05,-1.8199999999999932,148.5
567,Zach Ertz,PHI,TE,15.34,12.69,2.6500000000000004,44.45,8.650000000000006,121.8
129,D'Andre Swift,DET,RB,15.32,12.68,2.6400000000000006,44.400000000000006,-42.586666666666616,138.5
299,Robert Woods,LAR,WR,15.2,12.58,2.619999999999999,44.05,-2.819999999999993,147.5
300,Tyler Lockett,SEA,WR,15.1,12.49,2.6099999999999994,43.749999999999986,-3.1200000000000045,147.2
301,D.J. Moore,CAR,WR,15.03,12.43,2.5999999999999996,43.55,-3.319999999999993,147.0
302,Calvin Ridley,ATL,WR,14.13,11.69,2.4400000000000013,40.95,-5.9199999999999875,144.4
303,Allen Robinson,CHI,WR,14.0,11.58,2.42,40.55,-6.319999999999993,144.0
304,Courtland Sutton,DEN,WR,13.69,11.32,2.369999999999999,39.64999999999999,-7.219999999999999,143.1
568,Darren Waller,LV,TE,13.37,11.06,2.3099999999999987,38.75,2.950000000000003,116.1
130,Ronald Jones II,TB,RB,13.18,10.91,2.2699999999999996,38.20000000000002,-48.786666666666605,132.3
305,Keenan Allen,LAC,WR,12.65,10.46,2.1899999999999995,36.64999999999999,-10.219999999999999,140.1
306,T.Y. Hilton,IND,WR,12.62,10.44,2.1799999999999997,36.55,-10.319999999999993,140.0
131,Cam Akers,LAR,RB,12.53,10.36,2.17,36.30000000000001,-50.68666666666661,130.4
307,Terry McLaurin,WAS,WR,12.17,10.06,2.1099999999999994,35.249999999999986,-11.620000000000005,138.7
7,Matt Ryan,ATL,QB,11.84,9.79,2.0500000000000007,34.30000000000001,-18.04166666666663,279.8
308,DeVante Parker,MIA,WR,11.37,9.41,1.959999999999999,32.95,-13.919999999999987,136.4
132,Kareem Hunt,CLE,RB,11.36,9.39,1.9699999999999989,32.900000000000006,-54.086666666666616,127.0
8,Tom Brady,TB,QB,11.22,9.28,1.9400000000000013,32.5,-19.84166666666664,278.0
133,Derrius Guice,WAS,RB,10.91,9.02,1.8900000000000006,31.60000000000001,-55.38666666666661,125.7
134,Kerryon Johnson,DET,RB,10.49,8.68,1.8100000000000005,30.400000000000006,-56.586666666666616,124.5
309,D.K. Metcalf,SEA,WR,10.44,8.64,1.799999999999999,30.249999999999986,-16.620000000000005,133.7
310,Jarvis Landry,CLE,WR,10.23,8.47,1.7599999999999998,29.64999999999999,-17.22,133.1
135,Sony Michel,NE,RB,10.11,8.37,1.7400000000000002,29.30000000000001,-57.68666666666661,123.4
9,Drew Brees,NO,QB,10.08,8.34,1.7400000000000002,29.19999999999999,-23.14166666666665,274.7
311,A.J. Green,CIN,WR,9.75,8.07,1.6799999999999997,28.249999999999986,-18.620000000000005,131.7
312,Michael Gallup,DAL,WR,9.47,7.84,1.6300000000000008,27.450000000000003,-19.419999999999987,130.9
313,D.J. Chark,JAC,WR,9.37,7.75,1.6199999999999992,27.14999999999999,-19.72,130.6
569,Evan Engram,NYG,TE,9.34,7.72,1.62,27.05000000000001,-8.749999999999986,104.4
314,Stefon Diggs,BUF,WR,9.34,7.72,1.62,27.049999999999997,-19.819999999999993,130.5
136,Tevin Coleman,SF,RB,9.01,7.45,1.5599999999999996,26.10000000000001,-60.88666666666661,120.2
137,Damien Williams,KC,RB,8.49,7.02,1.4700000000000006,24.60000000000001,-62.38666666666661,118.7
10,Aaron Rodgers,GB,QB,8.42,6.97,1.4500000000000002,24.399999999999977,-27.941666666666663,269.9
570,Jared Cook,NO,TE,8.4,6.95,1.4500000000000002,24.35000000000001,-11.449999999999989,101.7
709,Harrison Butker,KC,K,8.35,6.91,1.4399999999999995,24.200000000000003,14.158333333333317,135.0
138,Jordan Howard,MIA,RB,8.35,6.91,1.4399999999999995,24.200000000000003,-62.78666666666662,118.3
139,Marlon Mack,IND,RB,8.18,6.77,1.4100000000000001,23.700000000000003,-63.28666666666662,117.8
11,Carson Wentz,PHI,QB,8.11,6.71,1.3999999999999995,23.5,-28.84166666666664,269.0
710,Wil Lutz,NO,K,7.87,6.51,1.3600000000000003,22.799999999999997,12.758333333333312,133.6
315,Marquise Brown,BAL,WR,7.58,6.27,1.3100000000000005,21.950000000000003,-24.919999999999987,125.4
747,Pittsburgh Steelers,Pittsburgh Steelers,DST,7.46,6.17,1.29,21.60000000000001,10.758333333333326,122.2
571,Hunter Henry,LAC,TE,7.06,5.84,1.2199999999999998,20.450000000000003,-15.349999999999994,97.8
140,Ke'Shawn Vaughn,TB,RB,7.01,5.8,1.21,20.30000000000001,-66.68666666666661,114.4
711,Justin Tucker,BAL,K,6.66,5.51,1.1500000000000004,19.299999999999997,9.258333333333312,130.1
316,Marvin Jones,DET,WR,6.61,5.47,1.1400000000000006,19.14999999999999,-27.72,122.6
317,Julian Edelman,NE,WR,6.4,5.3,1.1000000000000005,18.549999999999997,-28.319999999999993,122.0
572,Rob Gronkowski,TB,TE,6.23,5.15,1.08,18.05000000000001,-17.749999999999986,95.4
748,San Francisco 49ers,San Francisco 49ers,DST,6.07,5.03,1.04,17.60000000000001,6.758333333333326,118.2
573,Tyler Higbee,LAR,TE,5.95,4.93,1.0200000000000005,17.25,-18.549999999999997,94.6
574,Hayden Hurst,ATL,TE,5.75,4.75,1.0,16.650000000000006,-19.14999999999999,94.0
141,Phillip Lindsay,DEN,RB,5.66,4.68,0.9800000000000004,16.400000000000006,-70.58666666666662,110.5
749,Los Angeles Rams,Los Angeles Rams,DST,5.42,4.48,0.9399999999999995,15.700000000000003,4.85833333333332,116.3
318,Tyler Boyd,CIN,WR,5.26,4.35,0.9100000000000001,15.25,-31.61999999999999,118.7
750,New England Patriots,New England Patriots,DST,5.14,4.25,0.8899999999999997,14.900000000000006,4.058333333333323,115.5
142,Matt Breida,MIA,RB,5.14,4.25,0.8899999999999997,14.900000000000006,-72.08666666666662,109.0
575,Noah Fant,DEN,TE,4.75,3.93,0.8199999999999998,13.75,-22.049999999999997,91.1
712,Greg Zuerlein,DAL,K,4.52,3.74,0.7799999999999994,13.100000000000009,3.058333333333323,123.9
12,Matthew Stafford,DET,QB,4.28,3.54,0.7400000000000002,12.399999999999977,-39.94166666666666,257.9
143,J.K. Dobbins,BAL,RB,4.25,3.51,0.7400000000000002,12.300000000000011,-74.68666666666661,106.4
144,Latavius Murray,NO,RB,3.87,3.2,0.6699999999999999,11.200000000000003,-75.78666666666662,105.3
319,Brandin Cooks,HOU,WR,3.81,3.16,0.6499999999999999,11.049999999999997,-35.81999999999999,114.5
576,Austin Hooper,CLE,TE,3.68,3.04,0.6400000000000001,10.650000000000006,-25.14999999999999,88.0
751,Minnesota Vikings,Minnesota Vikings,DST,3.62,3.0,0.6200000000000001,10.5,-0.3416666666666828,111.1
320,Diontae Johnson,PIT,WR,3.57,2.96,0.6099999999999999,10.349999999999994,-36.519999999999996,113.8
713,Robbie Gould,SF,K,3.56,2.94,0.6200000000000001,10.299999999999997,0.25833333333331154,121.1
752,Baltimore Ravens,Baltimore Ravens,DST,3.45,2.86,0.5900000000000003,10.0,-0.8416666666666828,110.6
321,Will Fuller,HOU,WR,2.95,2.44,0.5100000000000002,8.549999999999997,-38.31999999999999,112.0
145,James White,NE,RB,2.93,2.43,0.5,8.5,-78.48666666666662,102.6
753,Philadelphia Eagles,Philadelphia Eagles,DST,2.93,2.43,0.5,8.5,-2.3416666666666828,109.1
146,Tarik Cohen,CHI,RB,2.8,2.31,0.48999999999999977,8.100000000000009,-78.88666666666661,102.2
754,New Orleans Saints,New Orleans Saints,DST,2.76,2.28,0.48,8.0,-2.8416666666666828,108.6
322,Christian Kirk,ARI,WR,2.57,2.13,0.43999999999999995,7.450000000000003,-39.41999999999999,110.9
755,Kansas City Chiefs,Kansas City Chiefs,DST,2.55,2.11,0.43999999999999995,7.400000000000006,-3.441666666666677,108.0
756,Buffalo Bills,Buffalo Bills,DST,2.31,1.91,0.40000000000000013,6.700000000000003,-4.14166666666668,107.3
13,Jared Goff,LAR,QB,2.31,1.91,0.40000000000000013,6.699999999999989,-45.64166666666665,252.2
323,Mike Williams,LAC,WR,2.26,1.87,0.3899999999999997,6.549999999999997,-40.31999999999999,110.0
714,Matt Prater,DET,K,2.17,1.8,0.3699999999999999,6.299999999999997,-3.7416666666666885,117.1
14,Cam Newton,NE,QB,1.93,1.6,0.32999999999999985,5.599999999999994,-46.741666666666646,251.1
715,Jake Elliott,PHI,K,1.86,1.54,0.32000000000000006,5.400000000000006,-4.64166666666668,116.2
577,T.J. Hockenson,DET,TE,1.85,1.53,0.32000000000000006,5.3500000000000085,-30.44999999999999,82.7
757,Tampa Bay Buccaneers,Tampa Bay Buccaneers,DST,1.83,1.51,0.32000000000000006,5.300000000000011,-5.541666666666671,105.9
324,Sterling Shepard,NYG,WR,1.74,1.44,0.30000000000000004,5.049999999999997,-41.81999999999999,108.5
716,Dan Bailey,MIN,K,1.73,1.43,0.30000000000000004,5.0,-5.041666666666686,115.8
325,Jamison Crowder,NYJ,WR,1.57,1.3,0.27,4.549999999999997,-42.31999999999999,108.0
758,Seattle Seahawks,Seattle Seahawks,DST,1.35,1.11,0.24,3.9000000000000057,-6.941666666666677,104.5
717,Jason Myers,SEA,K,1.35,1.11,0.24,3.9000000000000057,-6.14166666666668,114.7
578,Chris Herndon IV,NYJ,TE,1.33,1.1,0.22999999999999998,3.8500000000000085,-31.94999999999999,81.2
759,Indianapolis Colts,Indianapolis Colts,DST,1.31,1.09,0.21999999999999997,3.8000000000000114,-7.041666666666671,104.4
579,Mike Gesicki,MIA,TE,1.29,1.07,0.21999999999999997,3.75,-32.05,81.1
718,Brandon McManus,DEN,K,1.28,1.06,0.21999999999999997,3.700000000000003,-6.341666666666683,114.5
719,Sam Sloman,LAR,K,1.17,0.97,0.19999999999999996,3.4000000000000057,-6.64166666666668,114.2
720,Younghoe Koo,ATL,K,1.07,0.89,0.18000000000000005,3.1000000000000085,-6.941666666666677,113.9
721,Matt Gay,TB,K,1.0,0.83,0.17000000000000004,2.9000000000000057,-7.14166666666668,113.7
15,Daniel Jones,NYG,QB,1.0,0.83,0.17000000000000004,2.9000000000000057,-49.441666666666634,248.4
722,Chris Boswell,PIT,K,0.93,0.77,0.16000000000000003,2.700000000000003,-7.341666666666683,113.5
723,Austin Seibert,CLE,K,0.93,0.77,0.16000000000000003,2.700000000000003,-7.341666666666683,113.5
326,Golden Tate,NYG,WR,0.74,0.61,0.13,2.1499999999999915,-44.72,105.6
580,Jonnu Smith,TEN,TE,0.71,0.59,0.12,2.0500000000000114,-33.749999999999986,79.4
16,Ryan Tannehill,TEN,QB,0.66,0.54,0.12,1.9000000000000057,-50.441666666666634,247.4
327,John Brown,BUF,WR,0.64,0.53,0.10999999999999999,1.8499999999999943,-45.019999999999996,105.3
760,Cleveland Browns,Cleveland Browns,DST,0.62,0.51,0.10999999999999999,1.8000000000000114,-9.041666666666671,102.4
328,Emmanuel Sanders,NO,WR,0.6,0.5,0.09999999999999998,1.75,-45.11999999999999,105.2
724,Zane Gonzalez,ARI,K,0.55,0.46,0.09000000000000002,1.6000000000000085,-8.441666666666677,112.4
17,Baker Mayfield,CLE,QB,0.52,0.43,0.09000000000000002,1.5,-50.84166666666664,247.0
761,Washington Redskins,Washington Redskins,DST,0.45,0.37,0.08000000000000002,1.3000000000000114,-9.541666666666671,101.9
763,Carolina Panthers,Carolina Panthers,DST,0.31,0.26,0.04999999999999999,0.9000000000000057,-9.941666666666677,101.5
725,Mason Crosby,GB,K,0.31,0.26,0.04999999999999999,0.9000000000000057,-9.14166666666668,111.7
762,Denver Broncos,Denver Broncos,DST,0.31,0.26,0.04999999999999999,0.9000000000000057,-9.941666666666677,101.5
329,Darius Slayton,NYG,WR,0.16,0.13,0.03,0.45000000000000284,-46.41999999999999,103.9
581,Jack Doyle,IND,TE,0.09,0.07,0.01999999999999999,0.25,-35.55,77.6
147,Darrell Henderson,LAR,RB,0.07,0.06,0.010000000000000009,0.20000000000000284,-86.78666666666662,94.3
764,Jacksonville Jaguars,Jacksonville Jaguars,DST,0.0,0.0,0.0,0.0,-10.841666666666683,100.6
765,Green Bay Packers,Green Bay Packers,DST,0.0,0.0,0.0,0.0,-10.841666666666683,100.6
726,Chase McLaughlin,IND,K,0.0,0.0,0.0,0.0,-10.041666666666686,110.8
727,Justin Rohrwasser,NE,K,0.0,0.0,0.0,0.0,-10.041666666666686,110.8
148,Zack Moss,BUF,RB,-0.07,-0.06,-0.010000000000000009,-0.19999999999998863,-87.18666666666661,93.9
582,Blake Jarwin,DAL,TE,-0.09,-0.07,-0.01999999999999999,-0.25,-36.05,77.1
149,Duke Johnson,HOU,RB,-0.1,-0.09,-0.010000000000000009,-0.29999999999999716,-87.28666666666662,93.8
583,Eric Ebron,PIT,TE,-0.16,-0.13,-0.03,-0.44999999999998863,-36.249999999999986,76.9
330,Deebo Samuel,SF,WR,-0.16,-0.13,-0.03,-0.45000000000000284,-47.31999999999999,103.0
584,Dallas Goedert,PHI,TE,-0.4,-0.33,-0.07,-1.1499999999999915,-36.94999999999999,76.2
728,Ka'imi Fairbairn,HOU,K,-0.45,-0.37,-0.08000000000000002,-1.2999999999999972,-11.341666666666683,109.5
18,Ben Roethlisberger,PIT,QB,-0.52,-0.43,-0.09000000000000002,-1.5,-53.84166666666664,244.0
729,Michael Badgley,LAC,K,-0.69,-0.57,-0.12,-2.0,-12.041666666666686,108.8
730,Josh Lambo,JAC,K,-0.72,-0.6,-0.12,-2.0999999999999943,-12.14166666666668,108.7
331,Preston Williams,MIA,WR,-0.78,-0.64,-0.14,-2.25,-49.11999999999999,101.2
766,Houston Texans,Houston Texans,DST,-0.83,-0.69,-0.14,-2.3999999999999915,-13.241666666666674,98.2
767,Dallas Cowboys,Dallas Cowboys,DST,-0.86,-0.71,-0.15000000000000002,-2.5,-13.341666666666683,98.1
768,Arizona Cardinals,Arizona Cardinals,DST,-0.9,-0.74,-0.16000000000000003,-2.5999999999999943,-13.441666666666677,98.0
19,Kirk Cousins,MIN,QB,-1.0,-0.83,-0.17000000000000004,-2.9000000000000057,-55.241666666666646,242.6
332,Anthony Miller,CHI,WR,-1.05,-0.87,-0.18000000000000005,-3.049999999999997,-49.91999999999999,100.4
769,New York Jets,New York Jets,DST,-1.07,-0.89,-0.18000000000000005,-3.0999999999999943,-13.941666666666677,97.5
731,Stephen Hauschka,BUF,K,-1.38,-1.14,-0.24,-4.0,-14.041666666666686,106.8
333,Jalen Reagor,PHI,WR,-1.4,-1.16,-0.24,-4.049999999999997,-50.91999999999999,99.4
732,Greg Joseph,TEN,K,-1.42,-1.17,-0.25,-4.099999999999994,-14.14166666666668,106.7
334,CeeDee Lamb,DAL,WR,-1.43,-1.18,-0.25,-4.150000000000006,-51.019999999999996,99.3
770,Chicago Bears,Chicago Bears,DST,-1.48,-1.23,-0.25,-4.299999999999997,-15.14166666666668,96.3
335,Curtis Samuel,CAR,WR,-1.85,-1.53,-0.32000000000000006,-5.3500000000000085,-52.22,98.1
771,Tennessee Titans,Tennessee Titans,DST,-1.93,-1.6,-0.32999999999999985,-5.599999999999994,-16.441666666666677,95.0
336,Jerry Jeudy,DEN,WR,-1.98,-1.64,-0.3400000000000001,-5.75,-52.61999999999999,97.7
772,Cincinnati Bengals,Cincinnati Bengals,DST,-2.0,-1.66,-0.3400000000000001,-5.799999999999997,-16.64166666666668,94.8
733,Jason Sanders,MIA,K,-2.0,-1.66,-0.3400000000000001,-5.799999999999997,-15.841666666666683,105.0
337,DeSean Jackson,PHI,WR,-2.02,-1.67,-0.3500000000000001,-5.8500000000000085,-52.72,97.6
338,Henry Ruggs III,LV,WR,-2.05,-1.7,-0.34999999999999987,-5.950000000000003,-52.81999999999999,97.5
734,Joey Slye,CAR,K,-2.11,-1.74,-0.3699999999999999,-6.099999999999994,-16.14166666666668,104.7
773,New York Giants,New York Giants,DST,-2.11,-1.74,-0.3699999999999999,-6.099999999999994,-16.941666666666677,94.5
339,Breshad Perriman,NYJ,WR,-2.23,-1.84,-0.3899999999999999,-6.450000000000003,-53.31999999999999,97.0
585,Ian Thomas,CAR,TE,-2.26,-1.87,-0.3899999999999997,-6.549999999999997,-42.349999999999994,70.8
735,Randy Bullock,CIN,K,-2.28,-1.88,-0.3999999999999999,-6.599999999999994,-16.64166666666668,104.2
774,Las Vegas Raiders,Las Vegas Raiders,DST,-2.38,-1.97,-0.4099999999999999,-6.8999999999999915,-17.741666666666674,93.7
340,Robby Anderson,CAR,WR,-2.4,-1.98,-0.41999999999999993,-6.950000000000003,-53.81999999999999,96.5
586,Greg Olsen,SEA,TE,-2.43,-2.01,-0.4200000000000004,-7.049999999999997,-42.849999999999994,70.3
775,Detroit Lions,Detroit Lions,DST,-2.59,-2.14,-0.44999999999999973,-7.5,-18.341666666666683,93.1
20,Gardner Minshew II,JAC,QB,-2.62,-2.17,-0.4500000000000002,-7.599999999999994,-59.941666666666634,237.9
341,Mecole Hardman,KC,WR,-2.88,-2.38,-0.5,-8.350000000000009,-55.22,95.1
342,Sammy Watkins,KC,WR,-3.02,-2.5,-0.52,-8.75,-55.61999999999999,94.7
150,Boston Scott,PHI,RB,-3.28,-2.71,-0.5699999999999998,-9.5,-96.48666666666662,84.6
587,Kyle Rudolph,MIN,TE,-3.47,-2.87,-0.6000000000000001,-10.049999999999997,-45.849999999999994,67.3
736,Eddy Pineiro,CHI,K,-3.52,-2.91,-0.6099999999999999,-10.200000000000003,-20.24166666666669,100.6
21,Jimmy Garoppolo,SF,QB,-3.56,-2.94,-0.6200000000000001,-10.300000000000011,-62.64166666666665,235.2
737,Dustin Hopkins,WAS,K,-3.69,-3.06,-0.6299999999999999,-10.700000000000003,-20.74166666666669,100.1
343,Justin Jefferson,MIN,WR,-3.71,-3.07,-0.6400000000000001,-10.75,-57.61999999999999,92.7
776,Los Angeles Chargers,Los Angeles Chargers,DST,-3.93,-3.26,-0.6700000000000004,-11.399999999999991,-22.241666666666674,89.2
777,Miami Dolphins,Miami Dolphins,DST,-3.93,-3.26,-0.6700000000000004,-11.399999999999991,-22.241666666666674,89.2
22,Joe Burrow,CIN,QB,-3.93,-3.26,-0.6700000000000004,-11.400000000000006,-63.741666666666646,234.1
151,Tony Pollard,DAL,RB,-4.0,-3.31,-0.69,-11.599999999999994,-98.58666666666662,82.5
588,Jace Sternberger,GB,TE,-4.02,-3.33,-0.6899999999999995,-11.649999999999991,-47.44999999999999,65.7
778,Atlanta Falcons,Atlanta Falcons,DST,-4.21,-3.48,-0.73,-12.199999999999989,-23.04166666666667,88.4
738,Daniel Carlson,LV,K,-4.31,-3.57,-0.7399999999999998,-12.5,-22.541666666666686,98.3
152,Alexander Mattison,MIN,RB,-4.52,-3.74,-0.7799999999999994,-13.099999999999994,-100.08666666666662,81.0
153,Justin Jackson,LAC,RB,-4.66,-3.85,-0.81,-13.5,-100.48666666666662,80.6
739,Brett Maher,NYJ,K,-5.35,-4.43,-0.9199999999999999,-15.5,-25.541666666666686,95.3
740,Sam Ficken,NYJ,K,-5.45,-4.51,-0.9400000000000004,-15.799999999999997,-25.841666666666683,95.0
344,Michael Pittman Jr.,IND,WR,-5.64,-4.67,-0.9699999999999998,-16.35000000000001,-63.22,87.1
345,N'Keal Harry,NE,WR,-5.64,-4.67,-0.9699999999999998,-16.35000000000001,-63.22,87.1
23,Drew Lock,DEN,QB,-5.69,-4.71,-0.9800000000000004,-16.5,-68.84166666666664,229.0
589,Dawson Knox,BUF,TE,-5.78,-4.78,-1.0,-16.749999999999993,-52.54999999999999,60.6
590,Irv Smith Jr.,MIN,TE,-5.92,-4.9,-1.0199999999999996,-17.14999999999999,-52.94999999999999,60.2
346,Hunter Renfrow,LV,WR,-5.95,-4.93,-1.0200000000000005,-17.25,-64.11999999999999,86.2
347,Corey Davis,TEN,WR,-6.09,-5.04,-1.0499999999999998,-17.650000000000006,-64.52,85.8
741,Chandler Catanzaro,NYG,K,-6.14,-5.08,-1.0599999999999996,-17.799999999999997,-27.841666666666683,93.0
154,Nyheim Hines,IND,RB,-6.42,-5.31,-1.1100000000000003,-18.599999999999994,-105.58666666666662,75.5
348,Tyrell Williams,LV,WR,-6.44,-5.33,-1.1100000000000003,-18.650000000000006,-65.52,84.8
155,Adrian Peterson,WAS,RB,-6.94,-5.74,-1.2000000000000002,-20.099999999999994,-107.08666666666662,74.0
24,Philip Rivers,IND,QB,-6.97,-5.77,-1.2000000000000002,-20.19999999999999,-72.54166666666663,225.3
350,Dede Westbrook,JAC,WR,-6.99,-5.78,-1.21,-20.25,-67.11999999999999,83.2
349,Allen Lazard,GB,WR,-6.99,-5.78,-1.21,-20.25,-67.11999999999999,83.2
591,Jimmy Graham,CHI,TE,-7.02,-5.81,-1.21,-20.349999999999994,-56.14999999999999,57.0
156,Chase Edmonds,ARI,RB,-7.25,-6.0,-1.25,-21.0,-107.98666666666662,73.1
592,Tyler Eifert,JAC,TE,-7.33,-6.07,-1.2599999999999998,-21.249999999999993,-57.04999999999999,56.1
25,Teddy Bridgewater,CAR,QB,-7.59,-6.28,-1.3099999999999996,-22.0,-74.34166666666664,223.5
593,C.J. Uzomah,CIN,TE,-7.78,-6.44,-1.3399999999999999,-22.549999999999997,-58.349999999999994,54.8
157,Darrynton Evans,TEN,RB,-7.9,-6.54,-1.3600000000000003,-22.89999999999999,-109.88666666666661,71.2
594,O.J. Howard,TB,TE,-7.96,-6.58,-1.38,-23.049999999999997,-58.849999999999994,54.3
351,Steven Sims,WAS,WR,-8.06,-6.67,-1.3900000000000006,-23.35000000000001,-70.22,80.1
595,Darren Fells,HOU,TE,-8.16,-6.75,-1.4100000000000001,-23.64999999999999,-59.44999999999999,53.7
352,Larry Fitzgerald,ARI,WR,-8.82,-7.3,-1.5200000000000005,-25.549999999999997,-72.41999999999999,77.9
353,Brandon Aiyuk,SF,WR,-8.96,-7.41,-1.5500000000000007,-25.950000000000003,-72.82,77.5
26,Sam Darnold,NYJ,QB,-9.11,-7.54,-1.5699999999999994,-26.400000000000006,-78.74166666666665,219.1
596,Gerald Everett,LAR,TE,-9.34,-7.72,-1.62,-27.049999999999997,-62.849999999999994,50.3
354,Cole Beasley,BUF,WR,-9.44,-7.81,-1.63,-27.35000000000001,-74.22,76.1
597,David Njoku,CLE,TE,-9.47,-7.84,-1.6300000000000008,-27.449999999999996,-63.24999999999999,49.9
158,Jamaal Williams,GB,RB,-9.49,-7.85,-1.6400000000000006,-27.5,-114.48666666666662,66.6
159,Joshua Kelley,LAC,RB,-9.56,-7.91,-1.6500000000000004,-27.69999999999999,-114.68666666666661,66.4
355,Danny Amendola,DET,WR,-9.61,-7.95,-1.6599999999999993,-27.85000000000001,-74.72,75.6
160,Antonio Gibson,WAS,RB,-9.7,-8.02,-1.6799999999999997,-28.099999999999994,-115.08666666666662,66.0
161,A.J. Dillon,GB,RB,-9.73,-8.05,-1.6799999999999997,-28.19999999999999,-115.18666666666661,65.9
598,Nick Boyle,BAL,TE,-9.85,-8.15,-1.6999999999999993,-28.549999999999997,-64.35,48.8
27,Derek Carr,LV,QB,-9.87,-8.17,-1.6999999999999993,-28.599999999999994,-80.94166666666663,216.9
356,Randall Cobb,HOU,WR,-10.37,-8.58,-1.7899999999999991,-30.049999999999997,-76.91999999999999,73.4
357,Josh Reynolds,LAR,WR,-10.44,-8.64,-1.799999999999999,-30.25,-77.11999999999999,73.2
358,Denzel Mims,NYJ,WR,-10.61,-8.78,-1.83,-30.75,-77.61999999999999,72.7
359,Parris Campbell,IND,WR,-10.82,-8.95,-1.870000000000001,-31.35000000000001,-78.22,72.1
162,Jalen Richard,LV,RB,-10.84,-8.97,-1.8699999999999992,-31.39999999999999,-118.38666666666661,62.7
163,Ito Smith,ATL,RB,-11.04,-9.14,-1.8999999999999986,-31.999999999999993,-118.98666666666662,62.1
360,Alshon Jeffery,PHI,WR,-11.13,-9.21,-1.92,-32.25,-79.11999999999999,71.2
164,Malcolm Brown,LAR,RB,-11.67,-9.65,-2.0199999999999996,-33.8,-120.78666666666662,60.3
599,Vance McDonald,PIT,TE,-11.92,-9.87,-2.0500000000000007,-34.55,-70.35,42.8
600,Will Dissly,SEA,TE,-12.1,-10.01,-2.09,-35.05,-70.85,42.3
361,Chris Conley,JAC,WR,-12.51,-10.35,-2.16,-36.25,-83.11999999999999,67.2
165,Jerick McKinnon,SF,RB,-12.53,-10.36,-2.17,-36.3,-123.28666666666662,57.8
166,Giovani Bernard,CIN,RB,-12.6,-10.42,-2.1799999999999997,-36.49999999999999,-123.48666666666662,57.6
601,Jordan Akins,HOU,TE,-12.62,-10.44,-2.1799999999999997,-36.55,-72.35,40.8
602,Anthony Firkser,TEN,TE,-12.99,-10.75,-2.24,-37.64999999999999,-73.44999999999999,39.7
603,Trey Burton,IND,TE,-13.27,-10.98,-2.289999999999999,-38.449999999999996,-74.25,38.9
362,Devin Funchess,GB,WR,-13.27,-10.98,-2.289999999999999,-38.45,-85.32,65.0
363,Tee Higgins,CIN,WR,-13.37,-11.06,-2.3099999999999987,-38.75,-85.61999999999999,64.7
604,Jeremy Sprinkle,WAS,TE,-13.44,-11.12,-2.3200000000000003,-38.949999999999996,-74.75,38.4
364,Albert Wilson,MIA,WR,-13.44,-11.12,-2.3200000000000003,-38.95,-85.82,64.5
605,Cole Kmet,CHI,TE,-13.96,-11.55,-2.41,-40.449999999999996,-76.25,36.9
167,Rashaad Penny,SEA,RB,-14.05,-11.62,-2.4300000000000015,-40.699999999999996,-127.68666666666661,53.4
365,James Washington,PIT,WR,-14.13,-11.69,-2.4400000000000013,-40.95,-87.82,62.5
366,Miles Boykin,BAL,WR,-14.27,-11.81,-2.459999999999999,-41.35,-88.22,62.1
168,Jaylen Samuels,PIT,RB,-14.29,-11.82,-2.469999999999999,-41.39999999999999,-128.3866666666666,52.7
169,Anthony McFarland Jr.,PIT,RB,-14.32,-11.85,-2.4700000000000006,-41.49999999999999,-128.48666666666662,52.6
367,Russell Gage,ATL,WR,-14.41,-11.92,-2.49,-41.75,-88.61999999999999,61.7
170,Ryquell Armstead,JAC,RB,-14.63,-12.11,-2.5200000000000014,-42.39999999999999,-129.3866666666666,51.7
171,Damien Harris,NE,RB,-14.67,-12.14,-2.5299999999999994,-42.49999999999999,-129.48666666666662,51.6
172,Rex Burkhead,NE,RB,-14.7,-12.16,-2.539999999999999,-42.599999999999994,-129.58666666666662,51.5
173,Chris Thompson,JAC,RB,-14.84,-12.28,-2.5600000000000005,-42.99999999999999,-129.98666666666662,51.1
368,Mohamed Sanu,NE,WR,-14.86,-12.29,-2.5700000000000003,-43.050000000000004,-89.91999999999999,60.4
369,Kenny Stills,HOU,WR,-14.96,-12.38,-2.58,-43.35,-90.22,60.1
370,John Ross,CIN,WR,-15.13,-12.52,-2.610000000000001,-43.85,-90.72,59.6
606,Jeff Heuerman,DEN,TE,-15.2,-12.58,-2.619999999999999,-44.05,-79.85,33.3
371,Kendrick Bourne,SF,WR,-15.31,-12.66,-2.6500000000000004,-44.35,-91.22,59.1
174,Carlos Hyde,SEA,RB,-15.46,-12.79,-2.6700000000000017,-44.8,-131.78666666666663,49.3
607,Dan Arnold,ARI,TE,-15.76,-13.03,-2.7300000000000004,-45.64999999999999,-81.44999999999999,31.7
372,Laviska Shenault Jr.,JAC,WR,-15.79,-13.06,-2.7299999999999986,-45.75,-92.61999999999999,57.7
175,Benny Snell Jr.,PIT,RB,-15.81,-13.08,-2.7300000000000004,-45.8,-132.78666666666663,48.3
608,Jesse James,DET,TE,-16.1,-13.32,-2.780000000000001,-46.64999999999999,-82.44999999999999,30.7
609,Ryan Griffin,NYJ,TE,-16.2,-13.41,-2.789999999999999,-46.949999999999996,-82.75,30.4
610,Andrew Beck,DEN,TE,-16.24,-13.43,-2.8099999999999987,-47.05,-82.85,30.3
373,Adam Humphries,TEN,WR,-16.31,-13.49,-2.8199999999999985,-47.25,-94.11999999999999,56.2
374,Chase Claypool,PIT,WR,-16.58,-13.72,-2.8599999999999977,-48.050000000000004,-94.91999999999999,55.4
611,Cameron Brate,TB,TE,-16.72,-13.83,-2.889999999999999,-48.449999999999996,-84.25,28.9
612,Taysom Hill,NO,TE,-16.76,-13.86,-2.900000000000002,-48.55,-84.35,28.8
613,Matt LaCosse,NE,TE,-16.86,-13.95,-2.91,-48.849999999999994,-84.64999999999999,28.5
375,KJ Hamler,DEN,WR,-16.93,-14.01,-2.92,-49.050000000000004,-95.91999999999999,54.4
176,Frank Gore,NYJ,RB,-17.02,-14.08,-2.9399999999999995,-49.3,-136.28666666666663,44.8
376,Phillip Dorsett,SEA,WR,-17.07,-14.12,-2.950000000000001,-49.45,-96.32,54.0
614,Maxx Williams,ARI,TE,-17.27,-14.29,-2.9800000000000004,-50.05,-85.85,27.3
615,Devin Asiasi,NE,TE,-17.31,-14.32,-2.9899999999999984,-50.14999999999999,-85.94999999999999,27.2
177,Dion Lewis,NYG,RB,-17.4,-14.39,-3.009999999999998,-50.39999999999999,-137.3866666666666,43.7
616,Jaeden Graham,ATL,TE,-17.52,-14.49,-3.0299999999999994,-50.74999999999999,-86.54999999999998,26.6
617,Josh Oliver,JAC,TE,-17.62,-14.58,-3.040000000000001,-51.05,-86.85,26.3
618,Jacob Hollister,SEA,TE,-17.86,-14.78,-3.08,-51.74999999999999,-87.54999999999998,25.6
377,Dante Pettis,SF,WR,-17.93,-14.83,-3.0999999999999996,-51.95,-98.82,51.5
619,Jason Witten,LV,TE,-17.96,-14.86,-3.1000000000000014,-52.05,-87.85,25.3
620,James O'Shaughnessy,JAC,TE,-18.17,-15.03,-3.1400000000000023,-52.64999999999999,-88.44999999999999,24.7
378,Willie Snead,BAL,WR,-18.21,-15.06,-3.1500000000000004,-52.75,-99.61999999999999,50.7
621,Marcedes Lewis,GB,TE,-18.28,-15.12,-3.160000000000002,-52.949999999999996,-88.75,24.4
379,Antonio Gandy-Golden,WAS,WR,-18.28,-15.12,-3.160000000000002,-52.95,-99.82,50.5
178,Lynn Bowden Jr.,LV,RB,-18.33,-15.16,-3.169999999999998,-53.099999999999994,-140.08666666666662,41.0
622,Garrett Griffin,NO,TE,-18.72,-15.49,-3.2299999999999986,-54.24999999999999,-90.04999999999998,23.1
380,Tre'Quan Smith,NO,WR,-18.9,-15.63,-3.269999999999998,-54.75,-101.61999999999999,48.7
623,Josh Hill,NO,TE,-18.93,-15.66,-3.2699999999999996,-54.849999999999994,-90.64999999999999,22.5
625,Stephen Sullivan,SEA,TE,-19.17,-15.86,-3.3100000000000023,-55.55,-91.35,21.8
624,Mo Alie-Cox,IND,TE,-19.17,-15.86,-3.3100000000000023,-55.55,-91.35,21.8
179,Gus Edwards,BAL,RB,-19.54,-16.16,-3.379999999999999,-56.599999999999994,-143.58666666666662,37.5
626,Tyler Kroft,BUF,TE,-19.62,-16.23,-3.3900000000000006,-56.849999999999994,-92.64999999999999,20.5
627,Harrison Bryant,CLE,TE,-19.76,-16.35,-3.41,-57.24999999999999,-93.04999999999998,20.1
180,Reggie Bonnafon,CAR,RB,-19.85,-16.42,-3.4299999999999997,-57.49999999999999,-144.48666666666662,36.6
381,Olabisi Johnson,MIN,WR,-20.07,-16.6,-3.469999999999999,-58.150000000000006,-105.02,45.3
181,Royce Freeman,DEN,RB,-20.09,-16.62,-3.469999999999999,-58.199999999999996,-145.1866666666666,35.9
628,MyCole Pruitt,TEN,TE,-20.17,-16.69,-3.4800000000000004,-58.449999999999996,-94.25,18.9
629,Dalton Schultz,DAL,TE,-20.38,-16.86,-3.5199999999999996,-59.05,-94.85,18.3
630,Foster Moreau,LV,TE,-20.42,-16.89,-3.530000000000001,-59.14999999999999,-94.94999999999999,18.2
631,Jesper Horsted,CHI,TE,-20.66,-17.09,-3.5700000000000003,-59.849999999999994,-95.64999999999999,17.5
632,Levine Toilolo,NYG,TE,-20.69,-17.12,-3.5700000000000003,-59.949999999999996,-95.75,17.4
633,Logan Thomas,WAS,TE,-20.73,-17.15,-3.580000000000002,-60.05,-95.85,17.3
634,Ricky Seals-Jones,KC,TE,-20.83,-17.23,-3.599999999999998,-60.349999999999994,-96.14999999999999,17.0
635,Josiah Deguara,GB,TE,-20.97,-17.35,-3.6199999999999974,-60.74999999999999,-96.54999999999998,16.6
382,Devin Duvernay,BAL,WR,-21.0,-17.37,-3.629999999999999,-60.85,-107.72,42.6
636,Demetrius Harris,CHI,TE,-21.04,-17.4,-3.6400000000000006,-60.949999999999996,-96.75,16.4
637,Virgil Green,LAC,TE,-21.04,-17.4,-3.6400000000000006,-60.949999999999996,-96.75,16.4
182,Kyle Juszczyk,SF,RB,-21.19,-17.53,-3.66,-61.39999999999999,-148.3866666666666,32.7
638,Drew Sample,CIN,TE,-21.21,-17.55,-3.66,-61.449999999999996,-97.24999999999999,15.9
383,Zach Pascal,IND,WR,-21.21,-17.55,-3.66,-61.45,-108.32,42.0
639,Adam Trautman,NO,TE,-21.31,-17.63,-3.6799999999999997,-61.74999999999999,-97.55,15.6
640,Adam Shaheen,MIA,TE,-21.42,-17.72,-3.700000000000003,-62.05,-97.85,15.3
183,Brian Hill,ATL,RB,-21.5,-17.79,-3.710000000000001,-62.3,-149.2866666666666,31.8
641,Stephen Carlson,CLE,TE,-21.52,-17.8,-3.719999999999999,-62.349999999999994,-98.14999999999999,15.0
384,David Moore,SEA,WR,-21.52,-17.8,-3.719999999999999,-62.35,-109.22,41.1
385,Andy Isabella,ARI,WR,-21.52,-17.8,-3.719999999999999,-62.35,-109.22,41.1
642,Blake Bell,DAL,TE,-21.55,-17.83,-3.7200000000000024,-62.449999999999996,-98.24999999999999,14.9
643,Jake Butt,DEN,TE,-21.59,-17.86,-3.7300000000000004,-62.55,-98.35,14.8
644,Kaden Smith,NYG,TE,-21.66,-17.92,-3.7399999999999984,-62.74999999999999,-98.55,14.6
645,Richard Rodgers,WAS,TE,-21.66,-17.92,-3.7399999999999984,-62.74999999999999,-98.55,14.6
646,Kahale Warring,HOU,TE,-21.93,-18.15,-3.780000000000001,-63.55,-99.35,13.8
647,Nick Vannett,DEN,TE,-22.0,-18.2,-3.8000000000000007,-63.74999999999999,-99.55,13.6
649,Chris Manhertz,CAR,TE,-22.04,-18.23,-3.8099999999999987,-63.849999999999994,-99.64999999999999,13.5
648,Deon Yelder,KC,TE,-22.04,-18.23,-3.8099999999999987,-63.849999999999994,-99.64999999999999,13.5
184,Lamical Perine,NYJ,RB,-22.12,-18.3,-3.8200000000000003,-64.1,-151.08666666666662,30.0
386,Kelvin Harmon,WAS,WR,-22.14,-18.32,-3.8200000000000003,-64.15,-111.02,39.3
650,Ryan Izzo,NE,TE,-22.28,-18.43,-3.8500000000000014,-64.55,-100.35,12.8
651,Khari Lee,ATL,TE,-22.28,-18.43,-3.8500000000000014,-64.55,-100.35,12.8
652,Jordan Thomas,HOU,TE,-22.38,-18.52,-3.8599999999999994,-64.85,-100.64999999999999,12.5
387,Trent Taylor,SF,WR,-22.42,-18.55,-3.870000000000001,-64.95,-111.82,38.5
388,Marquise Goodwin,PHI,WR,-22.56,-18.66,-3.8999999999999986,-65.35,-112.22,38.1
653,Brycen Hopkins,LAR,TE,-22.59,-18.69,-3.8999999999999986,-65.44999999999999,-101.24999999999999,11.9
654,Pharaoh Brown,CLE,TE,-22.62,-18.72,-3.900000000000002,-65.55,-101.35,11.8
655,Derek Carrier,LV,TE,-22.73,-18.8,-3.9299999999999997,-65.85,-101.64999999999999,11.5
656,Codey McElroy,TB,TE,-22.73,-18.8,-3.9299999999999997,-65.85,-101.64999999999999,11.5
657,Tyler Conklin,MIN,TE,-22.76,-18.83,-3.9300000000000033,-65.94999999999999,-101.74999999999999,11.4
658,Durham Smythe,MIA,TE,-22.8,-18.86,-3.9400000000000013,-66.05,-101.85,11.3
659,Albert Okwuegbunam,DEN,TE,-22.83,-18.89,-3.9399999999999977,-66.14999999999999,-101.94999999999999,11.2
660,Tanner Hudson,TB,TE,-22.83,-18.89,-3.9399999999999977,-66.14999999999999,-101.94999999999999,11.2
185,Dare Ogunbowale,TB,RB,-22.88,-18.93,-3.9499999999999993,-66.3,-153.2866666666666,27.8
661,Donald Parham,LAC,TE,-22.94,-18.97,-3.9700000000000024,-66.44999999999999,-102.24999999999999,10.9
662,Joshua Perkins,PHI,TE,-23.0,-19.03,-3.969999999999999,-66.64999999999999,-102.44999999999999,10.7
663,Charlie Woerner,SF,TE,-23.0,-19.03,-3.969999999999999,-66.64999999999999,-102.44999999999999,10.7
664,Eric Tomlinson,NYG,TE,-23.0,-19.03,-3.969999999999999,-66.64999999999999,-102.44999999999999,10.7
389,Jake Kumerow,GB,WR,-23.04,-19.06,-3.9800000000000004,-66.75,-113.61999999999999,36.7
665,J.P. Holtz,CHI,TE,-23.04,-19.06,-3.9800000000000004,-66.75,-102.55,10.6
186,Jeff Wilson,SF,RB,-23.06,-19.07,-3.9899999999999984,-66.8,-153.7866666666666,27.3
390,Jakobi Meyers,NE,WR,-23.07,-19.09,-3.9800000000000004,-66.85,-113.72,36.6
187,Bryce Love,WAS,RB,-23.09,-19.1,-3.9899999999999984,-66.89999999999999,-153.88666666666663,27.2
666,Troy Fumagalli,DEN,TE,-23.18,-19.17,-4.009999999999998,-67.14999999999999,-102.94999999999999,10.2
391,Van Jefferson,LAR,WR,-23.18,-19.17,-4.009999999999998,-67.15,-114.02,36.3
392,Ted Ginn,CHI,WR,-23.45,-19.4,-4.050000000000001,-67.95,-114.82,35.5
667,Tommy Sweeney,BUF,TE,-23.66,-19.57,-4.09,-68.55,-104.35,8.8
743,Lirim Hajrullahu,LAR,K,-23.75,-19.64,-4.109999999999999,-68.8,-78.84166666666668,42.0
742,Austin MacGinnis,LAR,K,-23.75,-19.64,-4.109999999999999,-68.8,-78.84166666666668,42.0
668,Ross Dwelley,SF,TE,-23.8,-19.69,-4.109999999999999,-68.94999999999999,-104.74999999999999,8.4
669,Robert Tonyan,GB,TE,-23.87,-19.74,-4.130000000000003,-69.14999999999999,-104.94999999999999,8.2
670,Hale Hentges,WAS,TE,-23.94,-19.8,-4.140000000000001,-69.35,-105.14999999999999,8.0
393,Keelan Cole,JAC,WR,-23.97,-19.83,-4.140000000000001,-69.45,-116.32,34.0
671,Luke Willson,SEA,TE,-24.04,-19.89,-4.149999999999999,-69.64999999999999,-105.44999999999999,7.7
188,Corey Clement,PHI,RB,-24.09,-19.93,-4.16,-69.8,-156.7866666666666,24.3
672,Antony Auclair,TB,TE,-24.11,-19.94,-4.169999999999998,-69.85,-105.64999999999999,7.5
189,Justice Hill,BAL,RB,-24.19,-20.02,-4.170000000000002,-70.1,-157.08666666666662,24.0
673,Trevon Wesco,NYJ,TE,-24.38,-20.17,-4.209999999999997,-70.64999999999999,-106.44999999999999,6.7
674,Johnny Mundt,LAR,TE,-24.45,-20.23,-4.219999999999999,-70.85,-106.64999999999999,6.5
675,Zach Gentry,PIT,TE,-24.49,-20.26,-4.229999999999997,-70.94999999999999,-106.74999999999999,6.4
676,Isaac Nauta,DET,TE,-24.52,-20.29,-4.23,-71.05,-106.85,6.3
190,Malcolm Perry,MIA,RB,-24.57,-20.33,-4.240000000000002,-71.19999999999999,-158.1866666666666,22.9
677,Eric Saubert,CHI,TE,-24.59,-20.34,-4.25,-71.25,-107.05,6.1
680,Darrell Daniels,ARI,TE,-24.63,-20.37,-4.259999999999998,-71.35,-107.14999999999999,6.0
679,Carson Meier,ATL,TE,-24.63,-20.37,-4.259999999999998,-71.35,-107.14999999999999,6.0
678,Xavier Grimble,IND,TE,-24.63,-20.37,-4.259999999999998,-71.35,-107.14999999999999,6.0
681,Ross Travis,NYJ,TE,-24.8,-20.52,-4.280000000000001,-71.85,-107.64999999999999,5.5
394,Jalen Hurd,SF,WR,-24.8,-20.52,-4.280000000000001,-71.85,-118.72,31.6
682,Jordan Leggett,TB,TE,-24.9,-20.6,-4.299999999999997,-72.14999999999999,-107.94999999999999,5.2
395,Jakeem Grant,MIA,WR,-24.9,-20.6,-4.299999999999997,-72.15,-119.02,31.3
396,Tajae Sharpe,MIN,WR,-24.94,-20.63,-4.310000000000002,-72.25,-119.11999999999999,31.2
683,Stephen Anderson,LAC,TE,-24.94,-20.63,-4.310000000000002,-72.25,-108.05,5.1
684,Daniel Brown,NYJ,TE,-24.94,-20.63,-4.310000000000002,-72.25,-108.05,5.1
191,DeeJay Dallas,SEA,RB,-24.95,-20.64,-4.309999999999999,-72.3,-159.2866666666666,21.8
685,Mason Schreck,CIN,TE,-25.01,-20.69,-4.32,-72.44999999999999,-108.24999999999999,4.9
686,Lee Smith,BUF,TE,-25.01,-20.69,-4.32,-72.44999999999999,-108.24999999999999,4.9
193,Elijah Wellman,GB,RB,-25.02,-20.7,-4.32,-72.5,-159.48666666666662,21.6
192,Ryan Nall,CHI,RB,-25.02,-20.7,-4.32,-72.5,-159.48666666666662,21.6
397,Allen Hurns,MIA,WR,-25.04,-20.72,-4.32,-72.55000000000001,-119.41999999999999,30.9
194,Myles Gaskin,MIA,RB,-25.2,-20.84,-4.359999999999999,-73.0,-159.98666666666662,21.1
195,Andy Janovich,CLE,RB,-25.23,-20.87,-4.359999999999999,-73.1,-160.08666666666662,21.0
687,Matt Lengel,IND,TE,-25.28,-20.92,-4.359999999999999,-73.25,-109.05,4.1
398,Trey Quinn,WAS,WR,-25.35,-20.97,-4.380000000000003,-73.45,-120.32,30.0
688,Cethan Carter,CIN,TE,-25.42,-21.03,-4.390000000000001,-73.64999999999999,-109.44999999999999,3.7
689,Colby Parkinson,SEA,TE,-25.49,-21.09,-4.399999999999999,-73.85,-109.64999999999999,3.5
196,Mike Boone,MIN,RB,-25.51,-21.1,-4.41,-73.89999999999999,-160.88666666666663,20.2
690,Jason Croom,BUF,TE,-25.56,-21.14,-4.419999999999998,-74.05,-109.85,3.3
197,Qadree Ollison,ATL,RB,-25.68,-21.24,-4.440000000000001,-74.39999999999999,-161.38666666666663,19.7
198,Devontae Booker,LV,RB,-25.75,-21.3,-4.449999999999999,-74.6,-161.58666666666662,19.5
691,Temarrick Hemingway,CAR,TE,-25.8,-21.34,-4.460000000000001,-74.75,-110.55,2.6
199,Patrick Laird,MIA,RB,-25.82,-21.36,-4.460000000000001,-74.8,-161.7866666666666,19.3
200,DeAndre Washington,KC,RB,-25.85,-21.39,-4.460000000000001,-74.89999999999999,-161.88666666666663,19.2
692,Jordan Franks,CIN,TE,-25.87,-21.4,-4.470000000000002,-74.94999999999999,-110.74999999999999,2.4
693,Cole Wick,NO,TE,-25.87,-21.4,-4.470000000000002,-74.94999999999999,-110.74999999999999,2.4
694,Jason Vander Laan,NO,TE,-25.94,-21.46,-4.48,-75.14999999999999,-110.94999999999999,2.2
201,Darwin Thompson,KC,RB,-25.96,-21.47,-4.490000000000002,-75.19999999999999,-162.1866666666666,18.9
695,Evan Baylis,GB,TE,-25.97,-21.49,-4.48,-75.25,-111.05,2.1
400,Quincy Enunwa,NYJ,WR,-25.97,-21.49,-4.48,-75.25,-122.11999999999999,28.2
399,Demarcus Robinson,KC,WR,-25.97,-21.49,-4.48,-75.25,-122.11999999999999,28.2
202,Ty Montgomery,NO,RB,-26.02,-21.53,-4.489999999999998,-75.39999999999999,-162.38666666666663,18.7
696,Alex Ellis,PHI,TE,-26.04,-21.54,-4.5,-75.44999999999999,-111.24999999999999,1.9
697,Cole Hikutini,DAL,TE,-26.08,-21.57,-4.509999999999998,-75.55,-111.35,1.8
401,Cordarrelle Patterson,CHI,WR,-26.14,-21.63,-4.510000000000002,-75.75,-122.61999999999999,27.7
402,Marquez Valdes-Scantling,GB,WR,-26.66,-22.06,-4.600000000000001,-77.25,-124.11999999999999,26.2
203,Trenton Cannon,NYJ,RB,-26.68,-22.07,-4.609999999999999,-77.3,-164.2866666666666,16.8
704,Tyler Davis,JAC,TE,-26.7,-22.09,-4.609999999999999,-77.35,-113.14999999999999,0.0
698,Caleb Wilson,WAS,TE,-26.7,-22.09,-4.609999999999999,-77.35,-113.14999999999999,0.0
705,James Looney,GB,TE,-26.7,-22.09,-4.609999999999999,-77.35,-113.14999999999999,0.0
703,Garrett Dickerson,NYG,TE,-26.7,-22.09,-4.609999999999999,-77.35,-113.14999999999999,0.0
699,Jared Pinkney,ATL,TE,-26.7,-22.09,-4.609999999999999,-77.35,-113.14999999999999,0.0
700,Hunter Bryant,DET,TE,-26.7,-22.09,-4.609999999999999,-77.35,-113.14999999999999,0.0
702,Thaddeus Moss,WAS,TE,-26.7,-22.09,-4.609999999999999,-77.35,-113.14999999999999,0.0
701,Kendall Blanton,LAR,TE,-26.7,-22.09,-4.609999999999999,-77.35,-113.14999999999999,0.0
706,Moritz Bohringer,CIN,TE,-26.7,-22.09,-4.609999999999999,-77.35,-113.14999999999999,0.0
707,Brandon Dillon,MIN,TE,-26.7,-22.09,-4.609999999999999,-77.35,-113.14999999999999,0.0
708,Charles Jones,JAC,TE,-26.7,-22.09,-4.609999999999999,-77.35,-113.14999999999999,0.0
403,Bryan Edwards,LV,WR,-26.8,-22.17,-4.629999999999999,-77.65,-124.52,25.8
204,Travis Homer,SEA,RB,-26.82,-22.19,-4.629999999999999,-77.69999999999999,-164.6866666666666,16.4
404,Tyler Johnson,TB,WR,-26.84,-22.2,-4.640000000000001,-77.75,-124.61999999999999,25.7
405,Rashard Higgins,CLE,WR,-26.97,-22.31,-4.66,-78.15,-125.02,25.3
205,CJ Ham,MIN,RB,-27.03,-22.36,-4.670000000000002,-78.3,-165.2866666666666,15.8
406,Kalif Raymond,TEN,WR,-27.04,-22.37,-4.669999999999998,-78.35,-125.22,25.1
206,Jason Huntley,DET,RB,-27.09,-22.41,-4.68,-78.5,-165.48666666666662,15.6
207,Bo Scarbrough,DET,RB,-27.23,-22.53,-4.699999999999999,-78.89999999999999,-165.88666666666663,15.2
408,Geronimo Allison,DET,WR,-27.25,-22.54,-4.710000000000001,-78.95,-125.82,24.5
407,Auden Tate,CIN,WR,-27.25,-22.54,-4.710000000000001,-78.95,-125.82,24.5
208,Eno Benjamin,ARI,RB,-27.27,-22.56,-4.710000000000001,-79.0,-165.98666666666662,15.1
209,Trayveon Williams,CIN,RB,-27.4,-22.67,-4.729999999999997,-79.39999999999999,-166.38666666666663,14.7
409,Andre Patton,LAC,WR,-27.46,-22.71,-4.75,-79.55000000000001,-126.41999999999999,23.9
410,Equanimeous St. Brown,GB,WR,-27.49,-22.74,-4.75,-79.65,-126.52,23.8
210,Dontrell Hilliard,CLE,RB,-27.51,-22.76,-4.75,-79.69999999999999,-166.6866666666666,14.4
411,Richie James,SF,WR,-27.63,-22.86,-4.77,-80.05000000000001,-126.91999999999999,23.4
412,Laquon Treadwell,ATL,WR,-27.73,-22.94,-4.789999999999999,-80.35,-127.22,23.1
212,Buddy Howell,HOU,RB,-27.89,-23.07,-4.82,-80.8,-167.7866666666666,13.3
211,J.D. McKissic,WAS,RB,-27.89,-23.07,-4.82,-80.8,-167.7866666666666,13.3
28,Dwayne Haskins,WAS,QB,-27.96,-23.13,-4.830000000000002,-81.0,-133.34166666666664,164.5
413,Scott Miller,TB,WR,-28.18,-23.31,-4.870000000000001,-81.65,-128.51999999999998,21.8
414,J.J. Arcega-Whiteside,PHI,WR,-28.25,-23.37,-4.879999999999999,-81.85,-128.72,21.6
213,Jordan Wilkins,IND,RB,-28.3,-23.41,-4.890000000000001,-82.0,-168.98666666666662,12.1
214,Jordan Chunn,DAL,RB,-28.37,-23.47,-4.900000000000002,-82.19999999999999,-169.1866666666666,11.9
215,Darrel Williams,KC,RB,-28.41,-23.5,-4.91,-82.3,-169.2866666666666,11.8
216,Mike Davis,CAR,RB,-28.68,-23.73,-4.949999999999999,-83.1,-170.08666666666662,11.0
415,Riley Ridley,CHI,WR,-28.77,-23.8,-4.969999999999999,-83.35,-130.22,20.1
217,Dalyn Dawkins,TEN,RB,-28.82,-23.84,-4.98,-83.5,-170.48666666666662,10.6
218,D'Ernest Johnson,CLE,RB,-28.85,-23.87,-4.98,-83.6,-170.58666666666662,10.5
219,Khari Blasingame,TEN,RB,-28.92,-23.93,-4.990000000000002,-83.8,-170.7866666666666,10.3
220,T.J. Yeldon,BUF,RB,-28.96,-23.96,-5.0,-83.89999999999999,-170.88666666666663,10.2
416,Marqise Lee,NE,WR,-29.15,-24.11,-5.039999999999999,-84.45,-131.32,19.0
221,Alec Ingold,LV,RB,-29.2,-24.16,-5.039999999999999,-84.6,-171.58666666666662,9.5
417,Javon Wims,CHI,WR,-29.25,-24.2,-5.050000000000001,-84.75,-131.62,18.7
418,Cody Latimer,WAS,WR,-29.35,-24.28,-5.07,-85.05000000000001,-131.92,18.4
223,Elijhaa Penny,NYG,RB,-29.41,-24.33,-5.080000000000002,-85.19999999999999,-172.1866666666666,8.9
222,Peyton Barber,WAS,RB,-29.41,-24.33,-5.080000000000002,-85.19999999999999,-172.1866666666666,8.9
224,Ameer Abdullah,MIN,RB,-29.44,-24.36,-5.080000000000002,-85.3,-172.2866666666666,8.8
225,Alex Armah,CAR,RB,-29.51,-24.41,-5.100000000000001,-85.5,-172.48666666666662,8.6
419,Andre Roberts,BUF,WR,-29.6,-24.48,-5.120000000000001,-85.75,-132.62,17.7
226,Devine Ozigbo,JAC,RB,-29.65,-24.53,-5.119999999999997,-85.89999999999999,-172.88666666666663,8.2
420,Chad Beebe,MIN,WR,-29.67,-24.54,-5.130000000000003,-85.95,-132.82,17.5
228,Wayne Gallman,NYG,RB,-29.68,-24.56,-5.120000000000001,-86.0,-172.98666666666662,8.1
227,Kerrith Whyte Jr.,PIT,RB,-29.68,-24.56,-5.120000000000001,-86.0,-172.98666666666662,8.1
229,Patrick Ricard,BAL,RB,-29.72,-24.58,-5.140000000000001,-86.1,-173.08666666666662,8.0
230,Derek Watt,PIT,RB,-29.79,-24.64,-5.149999999999999,-86.3,-173.2866666666666,7.8
421,Keke Coutee,HOU,WR,-29.87,-24.71,-5.16,-86.55000000000001,-133.42,16.9
422,Justin Watson,TB,WR,-29.91,-24.74,-5.170000000000002,-86.65,-133.51999999999998,16.8
423,Quintez Cephus,DET,WR,-29.94,-24.77,-5.170000000000002,-86.75,-133.62,16.7
231,Jordan Scarlett,CAR,RB,-29.99,-24.81,-5.18,-86.89999999999999,-173.88666666666663,7.2
232,T.J. Logan,TB,RB,-29.99,-24.81,-5.18,-86.89999999999999,-173.88666666666663,7.2
233,Kenneth Dixon,NYJ,RB,-30.03,-24.84,-5.190000000000001,-87.0,-173.98666666666662,7.1
424,Gunner Olszewski,NE,WR,-30.05,-24.86,-5.190000000000001,-87.05000000000001,-133.92,16.4
425,KeeSean Johnson,ARI,WR,-30.08,-24.88,-5.199999999999999,-87.15,-134.01999999999998,16.3
234,Rod Smith,LV,RB,-30.1,-24.9,-5.200000000000003,-87.19999999999999,-174.1866666666666,6.9
426,Ryan Switzer,PIT,WR,-30.11,-24.91,-5.199999999999999,-87.25,-134.12,16.2
427,Nelson Agholor,LV,WR,-30.15,-24.94,-5.209999999999997,-87.35,-134.22,16.1
235,Anthony Sherman,KC,RB,-30.17,-24.96,-5.210000000000001,-87.39999999999999,-174.38666666666663,6.7
236,Rodney Anderson,CIN,RB,-30.2,-24.98,-5.219999999999999,-87.5,-174.48666666666662,6.6
428,Hakeem Butler,ARI,WR,-30.36,-25.11,-5.25,-87.95,-134.82,15.5
429,Taywan Taylor,CLE,WR,-30.39,-25.14,-5.25,-88.05,-134.92,15.4
237,Josh Adams,NYJ,RB,-30.41,-25.16,-5.25,-88.1,-175.08666666666662,6.0
430,Isaiah McKenzie,BUF,WR,-30.42,-25.17,-5.25,-88.15,-135.01999999999998,15.3
238,Keith Smith,ATL,RB,-30.44,-25.18,-5.260000000000002,-88.19999999999999,-175.1866666666666,5.9
431,Mack Hollins,MIA,WR,-30.46,-25.2,-5.260000000000002,-88.25,-135.12,15.2
432,Vyncint Smith,NYJ,WR,-30.6,-25.31,-5.290000000000003,-88.65,-135.51999999999998,14.8
239,Patrick DiMarco,BUF,RB,-30.68,-25.38,-5.300000000000001,-88.89999999999999,-175.88666666666663,5.2
433,Tim Patrick,DEN,WR,-30.7,-25.4,-5.300000000000001,-88.95,-135.82,14.5
434,Marvin Hall,DET,WR,-30.74,-25.43,-5.309999999999999,-89.05,-135.92,14.4
435,Christian Blake,ATL,WR,-30.8,-25.48,-5.32,-89.25,-136.12,14.2
436,DaeSean Hamilton,DEN,WR,-30.91,-25.57,-5.34,-89.55,-136.42,13.9
240,Ty Johnson,DET,RB,-30.96,-25.61,-5.350000000000001,-89.69999999999999,-176.6866666666666,4.4
242,Tyler Ervin,GB,RB,-30.99,-25.64,-5.349999999999998,-89.8,-176.7866666666666,4.3
241,Senorise Perry,TEN,RB,-30.99,-25.64,-5.349999999999998,-89.8,-176.7866666666666,4.3
243,Andrew Beck,DEN,RB,-31.03,-25.67,-5.359999999999999,-89.89999999999999,-176.88666666666663,4.2
247,Josh Ferguson,WAS,RB,-31.06,-25.7,-5.359999999999999,-90.0,-176.98666666666662,4.1
246,John Kelly,LAR,RB,-31.06,-25.7,-5.359999999999999,-90.0,-176.98666666666662,4.1
244,Nick Bellore,SEA,RB,-31.06,-25.7,-5.359999999999999,-90.0,-176.98666666666662,4.1
245,Jamize Olawale,DAL,RB,-31.06,-25.7,-5.359999999999999,-90.0,-176.98666666666662,4.1
438,Olamide Zaccheaus,ATL,WR,-31.08,-25.71,-5.369999999999997,-90.05,-136.92,13.4
437,Geremy Davis,DET,WR,-31.08,-25.71,-5.369999999999997,-90.05,-136.92,13.4
248,Trey Edmunds,PIT,RB,-31.1,-25.73,-5.370000000000001,-90.1,-177.08666666666662,4.0
249,Samaje Perine,CIN,RB,-31.17,-25.78,-5.390000000000001,-90.3,-177.2866666666666,3.8
439,Darrius Shepherd,GB,WR,-31.18,-25.8,-5.379999999999999,-90.35000000000001,-137.22,13.1
250,Jakob Johnson,NE,RB,-31.2,-25.81,-5.390000000000001,-90.39999999999999,-177.38666666666663,3.7
252,Dexter Williams,GB,RB,-31.24,-25.84,-5.399999999999999,-90.5,-177.48666666666662,3.6
251,Dwayne Washington,NO,RB,-31.24,-25.84,-5.399999999999999,-90.5,-177.48666666666662,3.6
253,Wes Hills,DET,RB,-31.3,-25.9,-5.400000000000002,-90.69999999999999,-177.6866666666666,3.4
440,Marcus Johnson,IND,WR,-31.32,-25.91,-5.41,-90.75,-137.62,12.7
254,Taquan Mizzell,NO,RB,-31.34,-25.93,-5.41,-90.8,-177.7866666666666,3.3
441,Gabriel Davis,BUF,WR,-31.36,-25.94,-5.419999999999998,-90.85000000000001,-137.72,12.6
255,Ricky Ortiz,NO,RB,-31.37,-25.95,-5.420000000000002,-90.89999999999999,-177.88666666666663,3.2
442,Josh Doctson,NYJ,WR,-31.39,-25.97,-5.420000000000002,-90.95,-137.82,12.5
256,Taiwan Jones,BUF,RB,-31.41,-25.98,-5.43,-91.0,-177.98666666666662,3.1
257,Michael Burton,NO,RB,-31.48,-26.04,-5.440000000000001,-91.19999999999999,-178.1866666666666,2.9
258,Tony Brooks-James,MIN,RB,-31.48,-26.04,-5.440000000000001,-91.19999999999999,-178.1866666666666,2.9
443,Devin Smith,DAL,WR,-31.63,-26.17,-5.459999999999997,-91.65,-138.51999999999998,11.8
444,Pharoh Cooper,CAR,WR,-31.67,-26.2,-5.470000000000002,-91.75,-138.62,11.7
259,Elijah McGuire,KC,RB,-31.72,-26.24,-5.48,-91.89999999999999,-178.88666666666663,2.2
445,Seth Roberts,CAR,WR,-31.74,-26.25,-5.489999999999998,-91.95,-138.82,11.5
446,Damiere Byrd,NE,WR,-31.81,-26.31,-5.5,-92.15,-139.01999999999998,11.3
260,D.J. Foster,ARI,RB,-31.82,-26.33,-5.490000000000002,-92.19999999999999,-179.1866666666666,1.9
261,Jonathan Hilliman,NYG,RB,-31.89,-26.38,-5.510000000000002,-92.39999999999999,-179.38666666666663,1.7
447,Deonte Harris,NO,WR,-32.01,-26.48,-5.529999999999998,-92.75,-139.62,10.7
262,Cullen Gillaspia,HOU,RB,-32.03,-26.5,-5.530000000000001,-92.8,-179.7866666666666,1.3
448,Byron Pringle,KC,WR,-32.08,-26.54,-5.539999999999999,-92.95,-139.82,10.5
450,Zay Jones,LV,WR,-32.12,-26.57,-5.549999999999997,-93.05,-139.92,10.4
449,Greg Ward,PHI,WR,-32.12,-26.57,-5.549999999999997,-93.05,-139.92,10.4
451,Joe Reed,LAC,WR,-32.19,-26.63,-5.559999999999999,-93.25,-140.12,10.2
452,Braxton Berrios,NYJ,WR,-32.22,-26.65,-5.57,-93.35000000000001,-140.22,10.1
263,Darius Jackson,IND,RB,-32.24,-26.67,-5.57,-93.39999999999999,-180.38666666666663,0.7
264,Damarea Crockett,GB,RB,-32.24,-26.67,-5.57,-93.39999999999999,-180.38666666666663,0.7
453,Alex Erickson,CIN,WR,-32.39,-26.8,-5.59,-93.85000000000001,-140.72,9.6
454,Robert Foster,BUF,WR,-32.46,-26.85,-5.609999999999999,-94.05,-140.92,9.4
272,James Robinson,JAC,RB,-32.48,-26.87,-5.609999999999996,-94.1,-181.08666666666662,0.0
274,Nick Bawden,DET,RB,-32.48,-26.87,-5.609999999999996,-94.1,-181.08666666666662,0.0
273,Christian Wade,BUF,RB,-32.48,-26.87,-5.609999999999996,-94.1,-181.08666666666662,0.0
266,Isaac Nauta,DET,RB,-32.48,-26.87,-5.609999999999996,-94.1,-181.08666666666662,0.0
271,Chandler Cox,MIA,RB,-32.48,-26.87,-5.609999999999996,-94.1,-181.08666666666662,0.0
265,Darius Anderson,DAL,RB,-32.48,-26.87,-5.609999999999996,-94.1,-181.08666666666662,0.0
270,Kalen Ballage,MIA,RB,-32.48,-26.87,-5.609999999999996,-94.1,-181.08666666666662,0.0
275,J.J. Taylor,NE,RB,-32.48,-26.87,-5.609999999999996,-94.1,-181.08666666666662,0.0
269,Salvon Ahmed,SF,RB,-32.48,-26.87,-5.609999999999996,-94.1,-181.08666666666662,0.0
283,Craig Reynolds,ATL,RB,-32.48,-26.87,-5.609999999999996,-94.1,-181.08666666666662,0.0
277,Elijah Holyfield,PHI,RB,-32.48,-26.87,-5.609999999999996,-94.1,-181.08666666666662,0.0
278,JaMycal Hasty,SF,RB,-32.48,-26.87,-5.609999999999996,-94.1,-181.08666666666662,0.0
279,Levante Bellamy,DEN,RB,-32.48,-26.87,-5.609999999999996,-94.1,-181.08666666666662,0.0
280,Cethan Carter,CIN,RB,-32.48,-26.87,-5.609999999999996,-94.1,-181.08666666666662,0.0
281,Bruce Anderson,IND,RB,-32.48,-26.87,-5.609999999999996,-94.1,-181.08666666666662,0.0
267,Karan Higdon,HOU,RB,-32.48,-26.87,-5.609999999999996,-94.1,-181.08666666666662,0.0
268,Raymond Calais,TB,RB,-32.48,-26.87,-5.609999999999996,-94.1,-181.08666666666662,0.0
284,Adrian Killins Jr.,PHI,RB,-32.48,-26.87,-5.609999999999996,-94.1,-181.08666666666662,0.0
282,Michael Warren II,PHI,RB,-32.48,-26.87,-5.609999999999996,-94.1,-181.08666666666662,0.0
276,Roosevelt Nix,IND,RB,-32.48,-26.87,-5.609999999999996,-94.1,-181.08666666666662,0.0
455,K.J. Hill,LAC,WR,-32.53,-26.91,-5.620000000000001,-94.25,-141.12,9.2
456,Corey Coleman,NYG,WR,-32.53,-26.91,-5.620000000000001,-94.25,-141.12,9.2
457,Jeff Smith,NYJ,WR,-32.6,-26.97,-5.630000000000003,-94.45,-141.32,9.0
458,Cedrick Wilson,DAL,WR,-32.67,-27.03,-5.640000000000001,-94.65,-141.51999999999998,8.8
459,Damion Ratley,CLE,WR,-32.7,-27.05,-5.650000000000002,-94.75,-141.62,8.7
460,Josh Malone,NYJ,WR,-32.7,-27.05,-5.650000000000002,-94.75,-141.62,8.7
461,Cody Core,NYG,WR,-32.7,-27.05,-5.650000000000002,-94.75,-141.62,8.7
462,DeAndre Carter,HOU,WR,-32.84,-27.17,-5.670000000000002,-95.15,-142.01999999999998,8.3
463,Ventell Bryant,DAL,WR,-32.91,-27.23,-5.679999999999996,-95.35000000000001,-142.22,8.1
464,Darnell Mooney,CHI,WR,-32.91,-27.23,-5.679999999999996,-95.35000000000001,-142.22,8.1
465,Isaiah Ford,MIA,WR,-32.94,-27.25,-5.689999999999998,-95.45,-142.32,8.0
466,Quadree Henderson,PIT,WR,-32.98,-27.28,-5.699999999999996,-95.55,-142.42,7.9
467,Victor Bolden Jr.,DET,WR,-32.98,-27.28,-5.699999999999996,-95.55,-142.42,7.9
468,Cody Hollister,TEN,WR,-33.01,-27.31,-5.699999999999999,-95.65,-142.51999999999998,7.8
469,Cam Sims,WAS,WR,-33.15,-27.43,-5.719999999999999,-96.05,-142.92,7.4
470,Brandon Powell,ATL,WR,-33.26,-27.51,-5.7499999999999964,-96.35000000000001,-143.22,7.1
471,Alexander Hollins,MIN,WR,-33.29,-27.54,-5.75,-96.45,-143.32,7.0
472,Gary Jennings Jr.,MIA,WR,-33.32,-27.57,-5.75,-96.55,-143.42,6.9
473,Travis Fulgham,DET,WR,-33.32,-27.57,-5.75,-96.55,-143.42,6.9
474,Gehrig Dieter,KC,WR,-33.32,-27.57,-5.75,-96.55,-143.42,6.9
475,Amara Darboh,PIT,WR,-33.32,-27.57,-5.75,-96.55,-143.42,6.9
476,Daurice Fountain,IND,WR,-33.36,-27.6,-5.759999999999998,-96.65,-143.51999999999998,6.8
477,Chris Lacy,DET,WR,-33.36,-27.6,-5.759999999999998,-96.65,-143.51999999999998,6.8
478,Rashard Davis,TEN,WR,-33.39,-27.63,-5.760000000000002,-96.75,-143.62,6.7
479,C.J. Board,JAC,WR,-33.39,-27.63,-5.760000000000002,-96.75,-143.62,6.7
480,K.J. Osborn,MIN,WR,-33.43,-27.65,-5.780000000000001,-96.85000000000001,-143.72,6.6
481,Michael Walker,JAC,WR,-33.43,-27.65,-5.780000000000001,-96.85000000000001,-143.72,6.6
482,Tevin Jones,DAL,WR,-33.43,-27.65,-5.780000000000001,-96.85000000000001,-143.72,6.6
483,Marcell Ateman,LV,WR,-33.46,-27.68,-5.780000000000001,-96.95,-143.82,6.5
484,Khadarel Hodge,CLE,WR,-33.5,-27.71,-5.789999999999999,-97.05,-143.92,6.4
485,Noah Brown,DAL,WR,-33.5,-27.71,-5.789999999999999,-97.05,-143.92,6.4
486,Austin Carr,NO,WR,-33.53,-27.74,-5.790000000000003,-97.15,-144.01999999999998,6.3
488,Isaac Whitney,HOU,WR,-33.57,-27.77,-5.800000000000001,-97.25,-144.12,6.2
487,Travis Benjamin,SF,WR,-33.57,-27.77,-5.800000000000001,-97.25,-144.12,6.2
489,Trevor Davis,CHI,WR,-33.6,-27.8,-5.800000000000001,-97.35000000000001,-144.22,6.1
490,J'Mon Moore,CLE,WR,-33.6,-27.8,-5.800000000000001,-97.35000000000001,-144.22,6.1
491,John Hightower,PHI,WR,-33.6,-27.8,-5.800000000000001,-97.35000000000001,-144.22,6.1
492,Keith Kirkwood,CAR,WR,-33.63,-27.83,-5.800000000000004,-97.45,-144.32,6.0
493,Trent Sherfield,ARI,WR,-33.63,-27.83,-5.800000000000004,-97.45,-144.32,6.0
494,Keelan Doss,LV,WR,-33.63,-27.83,-5.800000000000004,-97.45,-144.32,6.0
495,Chad Hansen,HOU,WR,-33.67,-27.85,-5.82,-97.55,-144.42,5.9
496,Chris Moore,BAL,WR,-33.74,-27.91,-5.830000000000002,-97.75,-144.62,5.7
497,Rico Gafford,LV,WR,-33.77,-27.94,-5.830000000000002,-97.85000000000001,-144.72,5.6
499,Dezmon Patmon,IND,WR,-33.81,-27.97,-5.840000000000003,-97.95,-144.82,5.5
498,Steven Mitchell Jr.,HOU,WR,-33.81,-27.97,-5.840000000000003,-97.95,-144.82,5.5
500,Fred Brown,DEN,WR,-33.84,-28.0,-5.840000000000003,-98.05,-144.92,5.4
501,Ashton Dulin,IND,WR,-33.84,-28.0,-5.840000000000003,-98.05,-144.92,5.4
502,Isaiah Coulter,HOU,WR,-33.88,-28.02,-5.860000000000003,-98.15,-145.01999999999998,5.3
503,Jason Moore,LAC,WR,-33.91,-28.05,-5.859999999999996,-98.25,-145.12,5.2
504,Donovan Peoples-Jones,CLE,WR,-33.91,-28.05,-5.859999999999996,-98.25,-145.12,5.2
506,Freddie Swain,SEA,WR,-33.95,-28.08,-5.8700000000000045,-98.35000000000001,-145.22,5.1
505,Damion Willis,CIN,WR,-33.95,-28.08,-5.8700000000000045,-98.35000000000001,-145.22,5.1
507,Brandon Zylstra,CAR,WR,-33.98,-28.11,-5.869999999999997,-98.45,-145.32,5.0
508,Diontae Spencer,DEN,WR,-34.01,-28.14,-5.869999999999997,-98.55,-145.42,4.9
509,Darvin Kidsy,WAS,WR,-34.05,-28.17,-5.8799999999999955,-98.65,-145.51999999999998,4.8
510,Deon Cain,PIT,WR,-34.05,-28.17,-5.8799999999999955,-98.65,-145.51999999999998,4.8
511,John Ursua,SEA,WR,-34.12,-28.22,-5.899999999999999,-98.85000000000001,-145.72,4.6
512,Da'Mari Scott,NYG,WR,-34.15,-28.25,-5.899999999999999,-98.95,-145.82,4.5
513,Isaiah Hodgins,BUF,WR,-34.15,-28.25,-5.899999999999999,-98.95,-145.82,4.5
514,Darius Jennings,LAC,WR,-34.19,-28.28,-5.909999999999997,-99.05,-145.92,4.4
515,Josh Bellamy,NYJ,WR,-34.19,-28.28,-5.909999999999997,-99.05,-145.92,4.4
516,Jehu Chesson,NYJ,WR,-34.22,-28.31,-5.91,-99.15,-146.01999999999998,4.3
518,Jalen Guyton,LAC,WR,-34.26,-28.34,-5.919999999999998,-99.25,-146.12,4.2
517,Chad Williams,IND,WR,-34.26,-28.34,-5.919999999999998,-99.25,-146.12,4.2
519,Nsimba Webster,LAR,WR,-34.32,-28.4,-5.920000000000002,-99.45,-146.32,4.0
520,Deontay Burnett,PHI,WR,-34.43,-28.48,-5.949999999999999,-99.75,-146.62,3.7
521,Maurice Harris,NO,WR,-34.57,-28.6,-5.969999999999999,-100.15,-147.01999999999998,3.3
522,Robert Davis,PHI,WR,-34.57,-28.6,-5.969999999999999,-100.15,-147.01999999999998,3.3
523,DeAndrew White,CAR,WR,-34.64,-28.65,-5.990000000000002,-100.35000000000001,-147.22,3.1
524,Lil'Jordan Humphrey,NO,WR,-34.67,-28.68,-5.990000000000002,-100.45,-147.32,3.0
525,Mike Thomas,CIN,WR,-34.67,-28.68,-5.990000000000002,-100.45,-147.32,3.0
526,Quez Watkins,PHI,WR,-34.67,-28.68,-5.990000000000002,-100.45,-147.32,3.0
527,Stanley Morgan Jr.,CIN,WR,-34.67,-28.68,-5.990000000000002,-100.45,-147.32,3.0
529,Collin Johnson,JAC,WR,-34.74,-28.74,-6.0000000000000036,-100.65,-147.51999999999998,2.8
528,De'Anthony Thomas,BAL,WR,-34.74,-28.74,-6.0000000000000036,-100.65,-147.51999999999998,2.8
530,Krishawn Hogan,NO,WR,-34.81,-28.8,-6.010000000000002,-100.85000000000001,-147.72,2.6
531,Jaleel Scott,BAL,WR,-34.88,-28.85,-6.030000000000001,-101.05,-147.92,2.4
533,Jaydon Mickens,TB,WR,-34.88,-28.85,-6.030000000000001,-101.05,-147.92,2.4
532,James Proche,BAL,WR,-34.88,-28.85,-6.030000000000001,-101.05,-147.92,2.4
534,Matt Slater,NE,WR,-34.91,-28.88,-6.029999999999998,-101.15,-148.01999999999998,2.3
535,Chris Thompson,JAC,WR,-35.02,-28.97,-6.050000000000004,-101.45,-148.32,2.0
536,Ishmael Hyman,CAR,WR,-35.26,-29.17,-6.089999999999996,-102.15,-149.01999999999998,1.3
538,Spencer Schnell,TB,WR,-35.29,-29.2,-6.09,-102.25,-149.12,1.2
537,JoJo Natson,CLE,WR,-35.29,-29.2,-6.09,-102.25,-149.12,1.2
539,Cyril Grayson,TB,WR,-35.33,-29.22,-6.109999999999999,-102.35000000000001,-149.22,1.1
29,Nick Foles,CHI,QB,-35.65,-29.5,-6.149999999999999,-103.30000000000001,-155.64166666666665,142.2
559,Kirk Merritt,MIA,WR,-35.71,-29.54,-6.170000000000002,-103.45,-150.32,0.0
555,Trenton Irwin,CIN,WR,-35.71,-29.54,-6.170000000000002,-103.45,-150.32,0.0
556,Dillon Mitchell,MIN,WR,-35.71,-29.54,-6.170000000000002,-103.45,-150.32,0.0
557,Davion Davis,MIN,WR,-35.71,-29.54,-6.170000000000002,-103.45,-150.32,0.0
558,Jamal Agnew,DET,WR,-35.71,-29.54,-6.170000000000002,-103.45,-150.32,0.0
542,Dylan Cantrell,ARI,WR,-35.71,-29.54,-6.170000000000002,-103.45,-150.32,0.0
560,Cam Batson,TEN,WR,-35.71,-29.54,-6.170000000000002,-103.45,-150.32,0.0
561,Tom Kennedy,DET,WR,-35.71,-29.54,-6.170000000000002,-103.45,-150.32,0.0
562,Quincy Adeboyejo,NE,WR,-35.71,-29.54,-6.170000000000002,-103.45,-150.32,0.0
553,Juwann Winfree,DEN,WR,-35.71,-29.54,-6.170000000000002,-103.45,-150.32,0.0
563,Jeff Thomas,NE,WR,-35.71,-29.54,-6.170000000000002,-103.45,-150.32,0.0
541,Artavis Scott,IND,WR,-35.71,-29.54,-6.170000000000002,-103.45,-150.32,0.0
554,Penny Hart,SEA,WR,-35.71,-29.54,-6.170000000000002,-103.45,-150.32,0.0
552,Emmanuel Butler,NO,WR,-35.71,-29.54,-6.170000000000002,-103.45,-150.32,0.0
551,Reggie Begelton,GB,WR,-35.71,-29.54,-6.170000000000002,-103.45,-150.32,0.0
550,Jester Weah,WAS,WR,-35.71,-29.54,-6.170000000000002,-103.45,-150.32,0.0
549,Tyrie Cleveland,DEN,WR,-35.71,-29.54,-6.170000000000002,-103.45,-150.32,0.0
548,Taquan Mizzell,NO,WR,-35.71,-29.54,-6.170000000000002,-103.45,-150.32,0.0
547,Marquez Callaway,NO,WR,-35.71,-29.54,-6.170000000000002,-103.45,-150.32,0.0
546,Rodney Adams,IND,WR,-35.71,-29.54,-6.170000000000002,-103.45,-150.32,0.0
545,Tommylee Lewis,NO,WR,-35.71,-29.54,-6.170000000000002,-103.45,-150.32,0.0
544,Antoine Wesley,BAL,WR,-35.71,-29.54,-6.170000000000002,-103.45,-150.32,0.0
540,Terry Godwin,JAC,WR,-35.71,-29.54,-6.170000000000002,-103.45,-150.32,0.0
543,Jauan Jennings,SF,WR,-35.71,-29.54,-6.170000000000002,-103.45,-150.32,0.0
30,Tua Tagovailoa,MIA,QB,-35.86,-29.67,-6.189999999999998,-103.9,-156.24166666666665,141.6
31,Tyrod Taylor,LAC,QB,-35.93,-29.72,-6.210000000000001,-104.1,-156.44166666666663,141.4
744,Kai Forbath,DAL,K,-38.24,-31.64,-6.600000000000001,-110.8,-120.84166666666668,0.0
745,Graham Gano,CAR,K,-38.24,-31.64,-6.600000000000001,-110.8,-120.84166666666668,0.0
746,Tyler Bass,BUF,K,-38.24,-31.64,-6.600000000000001,-110.8,-120.84166666666668,0.0
32,Ryan Fitzpatrick,MIA,QB,-45.8,-37.89,-7.909999999999997,-132.7,-185.04166666666663,112.8
33,Justin Herbert,LAC,QB,-46.18,-38.2,-7.979999999999997,-133.8,-186.14166666666665,111.7
34,Mitch Trubisky,CHI,QB,-51.88,-42.92,-8.96,-150.3,-202.64166666666665,95.2
35,Jalen Hurts,PHI,QB,-75.55,-62.5,-13.049999999999997,-218.9,-271.2416666666666,26.6
36,Jarrett Stidham,NE,QB,-76.07,-62.93,-13.139999999999993,-220.4,-272.7416666666666,25.1
37,Marcus Mariota,LV,QB,-76.28,-63.1,-13.18,-221.0,-273.34166666666664,24.5
38,Phillip Walker,CAR,QB,-76.73,-63.47,-13.260000000000005,-222.3,-274.64166666666665,23.2
39,Kyle Allen,WAS,QB,-77.07,-63.76,-13.309999999999995,-223.3,-275.64166666666665,22.2
40,Taysom Hill,NO,QB,-77.97,-64.5,-13.469999999999999,-225.9,-278.2416666666666,19.6
41,Mason Rudolph,PIT,QB,-79.8,-66.01,-13.789999999999992,-231.2,-283.54166666666663,14.3
42,Joshua Dobbs,JAC,QB,-80.66,-66.73,-13.929999999999993,-233.7,-286.04166666666663,11.8
43,Jordan Love,GB,QB,-80.94,-66.96,-13.980000000000004,-234.5,-286.84166666666664,11.0
44,Will Grier,CAR,QB,-81.14,-67.13,-14.010000000000005,-235.1,-287.44166666666666,10.4
45,Geno Smith,SEA,QB,-81.18,-67.16,-14.02000000000001,-235.2,-287.54166666666663,10.3
46,John Wolford,LAR,QB,-81.39,-67.33,-14.060000000000002,-235.8,-288.14166666666665,9.7
47,Blaine Gabbert,TB,QB,-81.42,-67.36,-14.060000000000002,-235.9,-288.2416666666666,9.6
48,Cole McDonald,TEN,QB,-81.45,-67.39,-14.060000000000002,-236.0,-288.34166666666664,9.5
49,Jameis Winston,NO,QB,-81.52,-67.44,-14.079999999999998,-236.2,-288.54166666666663,9.3
50,Logan Woodside,TEN,QB,-81.63,-67.53,-14.099999999999994,-236.5,-288.84166666666664,9.0
51,Colt McCoy,NYG,QB,-81.7,-67.59,-14.11,-236.7,-289.04166666666663,8.8
52,Robert Griffin,BAL,QB,-81.77,-67.64,-14.129999999999995,-236.9,-289.2416666666666,8.6
53,Ryan Finley,CIN,QB,-81.87,-67.73,-14.14,-237.2,-289.54166666666663,8.3
54,Case Keenum,CLE,QB,-81.97,-67.81,-14.159999999999997,-237.5,-289.84166666666664,8.0
55,Jeff Driskel,DEN,QB,-82.01,-67.84,-14.170000000000002,-237.6,-289.94166666666666,7.9
56,Brett Hundley,ARI,QB,-82.01,-67.84,-14.170000000000002,-237.6,-289.94166666666666,7.9
57,Matt Schaub,ATL,QB,-82.01,-67.84,-14.170000000000002,-237.6,-289.94166666666666,7.9
58,AJ McCarron,HOU,QB,-82.08,-67.9,-14.179999999999993,-237.8,-290.14166666666665,7.7
59,Jake Fromm,BUF,QB,-82.11,-67.93,-14.179999999999993,-237.9,-290.2416666666666,7.6
60,Sean Mannion,MIN,QB,-82.25,-68.04,-14.209999999999994,-238.3,-290.64166666666665,7.2
61,Chase Daniel,DET,QB,-82.32,-68.1,-14.219999999999999,-238.5,-290.84166666666664,7.0
62,Matt Barkley,BUF,QB,-82.39,-68.16,-14.230000000000004,-238.7,-291.04166666666663,6.8
63,Andy Dalton,DAL,QB,-82.39,-68.16,-14.230000000000004,-238.7,-291.04166666666663,6.8
64,Chad Henne,KC,QB,-82.49,-68.24,-14.25,-239.0,-291.34166666666664,6.5
65,Jacoby Brissett,IND,QB,-82.52,-68.27,-14.25,-239.1,-291.44166666666666,6.4
66,Nick Mullens,SF,QB,-82.59,-68.33,-14.260000000000005,-239.3,-291.64166666666665,6.2
67,Joe Flacco,NYJ,QB,-82.8,-68.5,-14.299999999999997,-239.9,-292.2416666666666,5.6
68,Garrett Gilbert,CLE,QB,-82.97,-68.64,-14.329999999999998,-240.4,-292.7416666666666,5.1
69,David Blough,DET,QB,-83.01,-68.67,-14.340000000000003,-240.5,-292.84166666666664,5.0
70,Mike Glennon,JAC,QB,-83.63,-69.18,-14.449999999999989,-242.3,-294.64166666666665,3.2
72,Josh Rosen,MIA,QB,-83.77,-69.3,-14.469999999999999,-242.7,-295.04166666666663,2.8
71,Jacob Eason,IND,QB,-83.77,-69.3,-14.469999999999999,-242.7,-295.04166666666663,2.8
73,James Morgan,NYJ,QB,-83.94,-69.44,-14.5,-243.2,-295.54166666666663,2.3
74,David Fales,NYJ,QB,-84.7,-70.07,-14.63000000000001,-245.4,-297.7416666666666,0.1
85,Clayton Thorson,DAL,QB,-84.73,-70.1,-14.63000000000001,-245.5,-297.84166666666664,0.0
86,Tim Boyle,GB,QB,-84.73,-70.1,-14.63000000000001,-245.5,-297.84166666666664,0.0
87,Devlin Hodges,PIT,QB,-84.73,-70.1,-14.63000000000001,-245.5,-297.84166666666664,0.0
88,Cooper Rush,NYG,QB,-84.73,-70.1,-14.63000000000001,-245.5,-297.84166666666664,0.0
89,Paxton Lynch,PIT,QB,-84.73,-70.1,-14.63000000000001,-245.5,-297.84166666666664,0.0
90,C.J. Beathard,SF,QB,-84.73,-70.1,-14.63000000000001,-245.5,-297.84166666666664,0.0
102,Easton Stick,LAC,QB,-84.73,-70.1,-14.63000000000001,-245.5,-297.84166666666664,0.0
79,Nate Stanley,MIN,QB,-84.73,-70.1,-14.63000000000001,-245.5,-297.84166666666664,0.0
91,Nate Sudfeld,PHI,QB,-84.73,-70.1,-14.63000000000001,-245.5,-297.84166666666664,0.0
92,Tyler Bray,CHI,QB,-84.73,-70.1,-14.63000000000001,-245.5,-297.84166666666664,0.0
84,Mike White,NYJ,QB,-84.73,-70.1,-14.63000000000001,-245.5,-297.84166666666664,0.0
101,Trace McSorley,BAL,QB,-84.73,-70.1,-14.63000000000001,-245.5,-297.84166666666664,0.0
100,Chad Kelly,IND,QB,-84.73,-70.1,-14.63000000000001,-245.5,-297.84166666666664,0.0
99,Nathan Peterman,LV,QB,-84.73,-70.1,-14.63000000000001,-245.5,-297.84166666666664,0.0
98,Ryan Griffin,TB,QB,-84.73,-70.1,-14.63000000000001,-245.5,-297.84166666666664,0.0
97,Kyle Lauletta,PHI,QB,-84.73,-70.1,-14.63000000000001,-245.5,-297.84166666666664,0.0
82,Davis Webb,BUF,QB,-84.73,-70.1,-14.63000000000001,-245.5,-297.84166666666664,0.0
81,Danny Etling,ATL,QB,-84.73,-70.1,-14.63000000000001,-245.5,-297.84166666666664,0.0
80,Alex Smith,WAS,QB,-84.73,-70.1,-14.63000000000001,-245.5,-297.84166666666664,0.0
78,Jake Luton,JAC,QB,-84.73,-70.1,-14.63000000000001,-245.5,-297.84166666666664,0.0
77,Brett Rypien,DEN,QB,-84.73,-70.1,-14.63000000000001,-245.5,-297.84166666666664,0.0
76,Tommy Stevens,NO,QB,-84.73,-70.1,-14.63000000000001,-245.5,-297.84166666666664,0.0
75,Anthony Gordon,SEA,QB,-84.73,-70.1,-14.63000000000001,-245.5,-297.84166666666664,0.0
96,Matt Moore,KC,QB,-84.73,-70.1,-14.63000000000001,-245.5,-297.84166666666664,0.0
95,Alex Tanney,NYG,QB,-84.73,-70.1,-14.63000000000001,-245.5,-297.84166666666664,0.0
94,Ben DiNucci,DAL,QB,-84.73,-70.1,-14.63000000000001,-245.5,-297.84166666666664,0.0
93,Brian Hoyer,NE,QB,-84.73,-70.1,-14.63000000000001,-245.5,-297.84166666666664,0.0
83,Alex McGough,HOU,QB,-84.73,-70.1,-14.63000000000001,-245.5,-297.84166666666664,0.0
